country_short,season,indicator,indicator_label,source,stream,scenario,agegroup,summary_level,unit,temporal_resolution,n_rows,n_observed,observed_fraction,sum_value,mean_value,max_value,peak_date,first_date,last_date,metric,burden_value,metric_percentile,peak_week
AT,2021/2022,ILIconsultationrate,ILI consultation rate,ERVISS,ili_ari,NA,all_agegroups,all_agegroups,rate,weekly,260,135,0.5192307692307693,118825.9,880.1918518518519,3498.1,2021-12-15,2021-08-04,2022-07-27,ILI consultation rate,118825.9,0.9032258064516129,20
AT,2021/2022,positivity,Influenza positivity,ERVISS,sentinel_plus_nonsentinel_typing,NA,all_agegroups,all_agegroups,proportion,weekly,52,27,0.5192307692307693,0.5219448265269063,0.0193312898713669,0.165625,2022-04-13,2021-08-04,2022-07-27,Influenza positivity (combined),0.0193312898713669,0.010752688172043012,37
AT,2021/2022,ili_plus,ILI+,RespiCompass,ili_plus,NA,all_agegroups,all_agegroups,rate,weekly,260,75,0.28846153846153844,4393.43158501899,58.5790878002532,389.84345238095233,2022-04-06,2021-08-04,2022-07-27,ILI+ (RespiCompass),4393.43158501899,0.6774193548387096,36
AT,2022/2023,ILIconsultationrate,ILI consultation rate,ERVISS,ili_ari,NA,all_agegroups,all_agegroups,rate,weekly,260,130,0.5,375737.2,2890.286153846154,10576.2,2023-03-01,2022-08-03,2023-07-26,ILI consultation rate,375737.2,1,31
AT,2022/2023,positivity,Influenza positivity,ERVISS,sentinel_plus_nonsentinel_typing,NA,all_agegroups,all_agegroups,proportion,weekly,52,21,0.40384615384615385,3.0529801456387684,0.14538000693517944,0.47685185185185186,2022-12-28,2022-08-03,2023-07-26,Influenza positivity (combined),0.14538000693517944,0.7096774193548387,22
AT,2022/2023,ili_plus,ILI+,RespiCompass,ili_plus,NA,all_agegroups,all_agegroups,rate,weekly,260,100,0.38461538461538464,98544.10085101503,985.4410085101503,4406.590267639902,2022-12-14,2022-08-03,2023-07-26,ILI+ (RespiCompass),98544.10085101503,1,20
AT,2023/2024,ILIconsultationrate,ILI consultation rate,ERVISS,ili_ari,NA,all_agegroups,all_agegroups,rate,weekly,265,135,0.5094339622641509,258202.6,1912.611851851852,4945.2,2024-02-07,2023-08-02,2024-07-31,ILI consultation rate,258202.6,0.989247311827957,28
AT,2023/2024,positivity,Influenza positivity,ERVISS,sentinel_plus_nonsentinel_typing,NA,all_agegroups,all_agegroups,proportion,weekly,53,44,0.8301886792452831,2.9461394489780783,0.06695771474950178,0.3403076923076923,2024-01-24,2023-08-02,2024-07-31,Influenza positivity (combined),0.06695771474950178,0.3548387096774194,26
AT,2023/2024,ili_plus,ILI+,RespiCompass,ili_plus,NA,all_agegroups,all_agegroups,rate,weekly,265,130,0.49056603773584906,36950.813057836,284.2370235218154,1682.2381231671552,2024-02-07,2023-08-02,2024-07-31,ILI+ (RespiCompass),36950.813057836,0.9354838709677419,28
AT,2024/2025,ILIconsultationrate,ILI consultation rate,ERVISS,ili_ari,NA,all_agegroups,all_agegroups,rate,weekly,260,131,0.5038461538461538,254966.1,1946.306106870229,4628.9,2024-12-18,2024-08-07,2025-07-30,ILI consultation rate,254966.1,0.978494623655914,20
AT,2024/2025,positivity,Influenza positivity,ERVISS,sentinel_plus_nonsentinel_typing,NA,all_agegroups,all_agegroups,proportion,weekly,52,52,1,4.041877991152369,0.07772842290677631,0.38205980066445183,2025-01-29,2024-08-07,2025-07-30,Influenza positivity (combined),0.07772842290677631,0.46236559139784944,26
AT,2024/2025,ili_plus,ILI+,RespiCompass,ili_plus,NA,all_agegroups,all_agegroups,rate,weekly,260,0,0,0,NA,NA,NA,2024-08-07,2025-07-30,ILI+ (RespiCompass),0,0,NA
BE,2021/2022,ILIconsultationrate,ILI consultation rate,ERVISS,ili_ari,NA,all_agegroups,all_agegroups,rate,weekly,260,260,1,65370.7,251.42576923076922,1489.4,2022-03-23,2021-08-04,2022-07-27,ILI consultation rate,65370.7,0.8172043010752689,34
BE,2021/2022,positivity,Influenza positivity,ERVISS,sentinel_plus_nonsentinel_typing,NA,all_agegroups,all_agegroups,proportion,weekly,52,46,0.8846153846153846,Inf,Inf,Inf,2022-06-29,2021-08-04,2022-07-27,Influenza positivity (combined),Inf,0.956989247311828,48
BE,2021/2022,ili_plus,ILI+,RespiCompass,ili_plus,NA,all_agegroups,all_agegroups,rate,weekly,260,195,0.75,11666.912958377745,59.830322863475615,892.3241379310344,2022-03-23,2021-08-04,2022-07-27,ILI+ (RespiCompass),11666.912958377745,0.8387096774193549,34
BE,2022/2023,ILIconsultationrate,ILI consultation rate,ERVISS,ili_ari,NA,all_agegroups,all_agegroups,rate,weekly,260,260,1,56255.4,216.3669230769231,1739.9,2022-12-21,2022-08-03,2023-07-26,ILI consultation rate,56255.4,0.7849462365591398,21
BE,2022/2023,positivity,Influenza positivity,ERVISS,sentinel_plus_nonsentinel_typing,NA,all_agegroups,all_agegroups,proportion,weekly,52,48,0.9230769230769231,Inf,Inf,Inf,2022-08-03,2022-08-03,2023-07-26,Influenza positivity (combined),Inf,0.956989247311828,1
BE,2022/2023,ili_plus,ILI+,RespiCompass,ili_plus,NA,all_agegroups,all_agegroups,rate,weekly,260,160,0.6153846153846154,13636.505766848315,85.22816104280196,860.0914285714285,2022-12-21,2022-08-03,2023-07-26,ILI+ (RespiCompass),13636.505766848315,0.8494623655913979,21
BE,2023/2024,ILIconsultationrate,ILI consultation rate,ERVISS,ili_ari,NA,all_agegroups,all_agegroups,rate,weekly,265,265,1,45875.3,173.1143396226415,1041.5,2024-01-24,2023-08-02,2024-07-31,ILI consultation rate,45875.3,0.7634408602150538,26
BE,2023/2024,positivity,Influenza positivity,ERVISS,sentinel_plus_nonsentinel_typing,NA,all_agegroups,all_agegroups,proportion,weekly,53,52,0.9811320754716981,569.2873497435551,10.94783364891452,58.8,2024-01-31,2023-08-02,2024-07-31,Influenza positivity (combined),10.94783364891452,0.9354838709677419,27
BE,2023/2024,ili_plus,ILI+,RespiCompass,ili_plus,NA,all_agegroups,all_agegroups,rate,weekly,265,205,0.7735849056603774,8999.194904591754,43.89851172971587,485.2714285714286,2024-01-24,2023-08-02,2024-07-31,ILI+ (RespiCompass),8999.194904591754,0.8064516129032258,26
BE,2024/2025,ILIconsultationrate,ILI consultation rate,ERVISS,ili_ari,NA,all_agegroups,all_agegroups,rate,weekly,260,260,1,73005.5,280.7903846153846,3208.4,2025-01-22,2024-08-07,2025-07-30,ILI consultation rate,73005.5,0.8387096774193549,25
BE,2024/2025,positivity,Influenza positivity,ERVISS,sentinel_plus_nonsentinel_typing,NA,all_agegroups,all_agegroups,proportion,weekly,52,52,1,1008.7911974215298,19.399830719644804,75.63157894736842,2024-12-25,2024-08-07,2025-07-30,Influenza positivity (combined),19.399830719644804,0.946236559139785,21
BE,2024/2025,ili_plus,ILI+,RespiCompass,ili_plus,NA,all_agegroups,all_agegroups,rate,weekly,260,0,0,0,NA,NA,NA,2024-08-07,2025-07-30,ILI+ (RespiCompass),0,0,NA
CZ,2021/2022,ILIconsultationrate,ILI consultation rate,ERVISS,ili_ari,NA,all_agegroups,all_agegroups,rate,weekly,260,260,1,4204.7,16.171923076923076,111.5,2021-10-20,2021-08-04,2022-07-27,ILI consultation rate,4204.7,0.3010752688172043,12
CZ,2021/2022,positivity,Influenza positivity,ERVISS,sentinel_plus_nonsentinel_typing,NA,all_agegroups,all_agegroups,proportion,weekly,52,46,0.8846153846153846,6.065016350078354,0.13184818152344246,0.2903225806451613,2022-04-20,2021-08-04,2022-07-27,Influenza positivity (combined),0.13184818152344246,0.6666666666666666,38
CZ,2021/2022,ili_plus,ILI+,RespiCompass,ili_plus,NA,all_agegroups,all_agegroups,rate,weekly,260,205,0.7884615384615384,1379.2679008363527,6.728136101640746,54.93333333333334,2022-04-20,2021-08-04,2022-07-27,ILI+ (RespiCompass),1379.2679008363527,0.5053763440860215,38
CZ,2022/2023,ILIconsultationrate,ILI consultation rate,ERVISS,ili_ari,NA,all_agegroups,all_agegroups,rate,weekly,260,260,1,13146.1,50.56192307692308,562.2,2022-12-21,2022-08-03,2023-07-26,ILI consultation rate,13146.1,0.5698924731182796,21
CZ,2022/2023,positivity,Influenza positivity,ERVISS,sentinel_plus_nonsentinel_typing,NA,all_agegroups,all_agegroups,proportion,weekly,52,52,1,3.673298184101849,0.07064034969426632,0.3841719077568134,2022-12-28,2022-08-03,2023-07-26,Influenza positivity (combined),0.07064034969426632,0.3978494623655914,22
CZ,2022/2023,ili_plus,ILI+,RespiCompass,ili_plus,NA,all_agegroups,all_agegroups,rate,weekly,260,235,0.9038461538461539,3902.247809183093,16.605309826311036,305.90294117647056,2022-12-21,2022-08-03,2023-07-26,ILI+ (RespiCompass),3902.247809183093,0.6451612903225806,21
CZ,2023/2024,ILIconsultationrate,ILI consultation rate,ERVISS,ili_ari,NA,all_agegroups,all_agegroups,rate,weekly,265,265,1,11466,43.26792452830189,586.6,2024-02-07,2023-08-02,2024-07-31,ILI consultation rate,11466,0.5268817204301075,28
CZ,2023/2024,positivity,Influenza positivity,ERVISS,sentinel_plus_nonsentinel_typing,NA,all_agegroups,all_agegroups,proportion,weekly,53,53,1,2.0781616292132967,0.03921059677760937,0.25329712955779676,2024-02-07,2023-08-02,2024-07-31,Influenza positivity (combined),0.03921059677760937,0.12903225806451613,28
CZ,2023/2024,ili_plus,ILI+,RespiCompass,ili_plus,NA,all_agegroups,all_agegroups,rate,weekly,265,190,0.71698113207547165,3255.6866895889793,17.13519310309989,357.459375,2024-02-07,2023-08-02,2024-07-31,ILI+ (RespiCompass),3255.6866895889793,0.6236559139784946,28
CZ,2024/2025,ILIconsultationrate,ILI consultation rate,ERVISS,ili_ari,NA,all_agegroups,all_agegroups,rate,weekly,260,260,1,11585,44.55769230769231,514,2025-01-29,2024-08-07,2025-07-30,ILI consultation rate,11585,0.5376344086021505,26
CZ,2024/2025,positivity,Influenza positivity,ERVISS,sentinel_plus_nonsentinel_typing,NA,all_agegroups,all_agegroups,proportion,weekly,52,52,1,2.98579335798779,0.05741910303822673,0.30484442693974007,2025-02-05,2024-08-07,2025-07-30,Influenza positivity (combined),0.05741910303822673,0.2903225806451613,27
CZ,2024/2025,ili_plus,ILI+,RespiCompass,ili_plus,NA,all_agegroups,all_agegroups,rate,weekly,260,0,0,0,NA,NA,NA,2024-08-07,2025-07-30,ILI+ (RespiCompass),0,0,NA
DK,2021/2022,ILIconsultationrate,ILI consultation rate,ERVISS,ili_ari,NA,all_agegroups,all_agegroups,rate,weekly,260,240,0.9230769230769231,37606.8,156.695,753.5,2021-11-17,2021-08-04,2022-07-27,ILI consultation rate,37606.8,0.6774193548387096,16
DK,2021/2022,positivity,Influenza positivity,ERVISS,sentinel_plus_nonsentinel_typing,NA,all_agegroups,all_agegroups,proportion,weekly,52,52,1,1.6647253387600605,0.03201394882230885,0.2704688872913172,2022-03-23,2021-08-04,2022-07-27,Influenza positivity (combined),0.03201394882230885,0.053763440860215055,34
DK,2021/2022,ili_plus,ILI+,RespiCompass,ili_plus,NA,all_agegroups,all_agegroups,rate,weekly,260,190,0.7307692307692307,4596.172174641876,24.19037986653619,231.45257142857145,2022-03-16,2021-08-04,2022-07-27,ILI+ (RespiCompass),4596.172174641876,0.6989247311827957,33
DK,2022/2023,ILIconsultationrate,ILI consultation rate,ERVISS,ili_ari,NA,all_agegroups,all_agegroups,rate,weekly,260,260,1,44359,170.61153846153846,884.6,2023-02-15,2022-08-03,2023-07-26,ILI consultation rate,44359,0.7419354838709677,29
DK,2022/2023,positivity,Influenza positivity,ERVISS,sentinel_plus_nonsentinel_typing,NA,all_agegroups,all_agegroups,proportion,weekly,52,52,1,3.5551109423965754,0.06836751812301106,0.25955435516542874,2023-02-08,2022-08-03,2023-07-26,Influenza positivity (combined),0.06836751812301106,0.3655913978494624,28
DK,2022/2023,ili_plus,ILI+,RespiCompass,ili_plus,NA,all_agegroups,all_agegroups,rate,weekly,260,260,1,4218.025464959231,16.22317486522781,192.3270440251572,2023-02-22,2022-08-03,2023-07-26,ILI+ (RespiCompass),4218.025464959231,0.6666666666666666,30
DK,2023/2024,ILIconsultationrate,ILI consultation rate,ERVISS,ili_ari,NA,all_agegroups,all_agegroups,rate,weekly,265,265,1,42967.3,162.14075471698112,822.6,2023-12-06,2023-08-02,2024-07-31,ILI consultation rate,42967.3,0.7311827956989247,19
DK,2023/2024,positivity,Influenza positivity,ERVISS,sentinel_plus_nonsentinel_typing,NA,all_agegroups,all_agegroups,proportion,weekly,53,53,1,3.217145770823899,0.06070086360045092,0.2770891643342663,2024-01-24,2023-08-02,2024-07-31,Influenza positivity (combined),0.06070086360045092,0.3118279569892473,26
DK,2023/2024,ili_plus,ILI+,RespiCompass,ili_plus,NA,all_agegroups,all_agegroups,rate,weekly,265,220,0.8301886792452831,4812.423192710155,21.87465087595525,214.69260700389103,2024-01-24,2023-08-02,2024-07-31,ILI+ (RespiCompass),4812.423192710155,0.7096774193548387,26
DK,2024/2025,ILIconsultationrate,ILI consultation rate,ERVISS,ili_ari,NA,all_agegroups,all_agegroups,rate,weekly,260,260,1,45395.2,174.59692307692308,739.2,2025-02-26,2024-08-07,2025-07-30,ILI consultation rate,45395.2,0.7526881720430108,30
DK,2024/2025,positivity,Influenza positivity,ERVISS,sentinel_plus_nonsentinel_typing,NA,all_agegroups,all_agegroups,proportion,weekly,52,52,1,4.584259917436828,0.08815884456609285,0.3524122807017544,2025-02-26,2024-08-07,2025-07-30,Influenza positivity (combined),0.08815884456609285,0.5376344086021505,30
DK,2024/2025,ili_plus,ILI+,RespiCompass,ili_plus,NA,all_agegroups,all_agegroups,rate,weekly,260,0,0,0,NA,NA,NA,2024-08-07,2025-07-30,ILI+ (RespiCompass),0,0,NA
EE,2021/2022,ILIconsultationrate,ILI consultation rate,ERVISS,ili_ari,NA,all_agegroups,all_agegroups,rate,weekly,260,260,1,53282.4,204.9323076923077,1187.1,2021-11-10,2021-08-04,2022-07-27,ILI consultation rate,53282.4,0.7741935483870968,15
EE,2021/2022,positivity,Influenza positivity,ERVISS,sentinel_plus_nonsentinel_typing,NA,all_agegroups,all_agegroups,proportion,weekly,52,47,0.9038461538461539,1.6755800703824517,0.035650639795371315,0.19310344827586207,2021-12-29,2021-08-04,2022-07-27,Influenza positivity (combined),0.035650639795371315,0.0967741935483871,22
EE,2021/2022,ili_plus,ILI+,RespiCompass,ili_plus,NA,all_agegroups,all_agegroups,rate,weekly,260,235,0.9038461538461539,3302.319214212996,14.052422188140408,131.25,2022-04-20,2021-08-04,2022-07-27,ILI+ (RespiCompass),3302.319214212996,0.6344086021505376,38
EE,2022/2023,ILIconsultationrate,ILI consultation rate,ERVISS,ili_ari,NA,all_agegroups,all_agegroups,rate,weekly,260,255,0.9807692307692307,84734.2,332.2909803921569,1816.3,2022-12-28,2022-08-03,2023-07-26,ILI consultation rate,84734.2,0.8709677419354839,22
EE,2022/2023,positivity,Influenza positivity,ERVISS,sentinel_plus_nonsentinel_typing,NA,all_agegroups,all_agegroups,proportion,weekly,52,49,0.9423076923076923,3.166983425610218,0.0646323148083718,0.29411764705882354,2022-12-14,2022-08-03,2023-07-26,Influenza positivity (combined),0.0646323148083718,0.3333333333333333,20
EE,2022/2023,ili_plus,ILI+,RespiCompass,ili_plus,NA,all_agegroups,all_agegroups,rate,weekly,260,240,0.9230769230769231,16757.385985527664,69.82244160636526,980.802,2022-12-28,2022-08-03,2023-07-26,ILI+ (RespiCompass),16757.385985527664,0.8602150537634409,22
EE,2023/2024,ILIconsultationrate,ILI consultation rate,ERVISS,ili_ari,NA,all_agegroups,all_agegroups,rate,weekly,265,245,0.9245283018867925,79160.4,323.10367346938773,1570.8,2024-02-21,2023-08-02,2024-07-31,ILI consultation rate,79160.4,0.8602150537634409,30
EE,2023/2024,positivity,Influenza positivity,ERVISS,sentinel_plus_nonsentinel_typing,NA,all_agegroups,all_agegroups,proportion,weekly,53,53,1,2.427211017594329,0.04579643429423262,0.23049645390070922,2023-12-20,2023-08-02,2024-07-31,Influenza positivity (combined),0.04579643429423262,0.16129032258064516,21
EE,2023/2024,ili_plus,ILI+,RespiCompass,ili_plus,NA,all_agegroups,all_agegroups,rate,weekly,265,210,0.7924528301886793,9781.408898561926,46.57813761219965,440.78571428571433,2024-04-24,2023-08-02,2024-07-31,ILI+ (RespiCompass),9781.408898561926,0.8279569892473119,39
EE,2024/2025,ILIconsultationrate,ILI consultation rate,ERVISS,ili_ari,NA,all_agegroups,all_agegroups,rate,weekly,260,240,0.9230769230769231,93107.8,387.94916666666666,1870.3,2025-02-05,2024-08-07,2025-07-30,ILI consultation rate,93107.8,0.8924731182795699,27
EE,2024/2025,positivity,Influenza positivity,ERVISS,sentinel_plus_nonsentinel_typing,NA,all_agegroups,all_agegroups,proportion,weekly,52,52,1,2.877471996342739,0.055335999929668055,0.24615384615384617,2025-04-16,2024-08-07,2025-07-30,Influenza positivity (combined),0.055335999929668055,0.25806451612903225,37
EE,2024/2025,ili_plus,ILI+,RespiCompass,ili_plus,NA,all_agegroups,all_agegroups,rate,weekly,260,0,0,0,NA,NA,NA,2024-08-07,2025-07-30,ILI+ (RespiCompass),0,0,NA
ES,2022/2023,ILIconsultationrate,ILI consultation rate,ERVISS,ili_ari,NA,all_agegroups,all_agegroups,rate,weekly,260,0,0,0,NA,NA,NA,2022-08-03,2023-07-26,ILI consultation rate,0,0,NA
ES,2022/2023,positivity,Influenza positivity,ERVISS,sentinel_plus_nonsentinel_typing,NA,all_agegroups,all_agegroups,proportion,weekly,52,43,0.8269230769230769,3.4124877718417586,0.079360180740506,0.19343444836900062,2023-03-08,2022-08-03,2023-07-26,Influenza positivity (combined),0.079360180740506,0.4838709677419355,32
ES,2022/2023,ili_plus,ILI+,RespiCompass,ili_plus,NA,all_agegroups,all_agegroups,rate,weekly,260,0,0,0,NA,NA,NA,2022-08-03,2023-07-26,ILI+ (RespiCompass),0,0,NA
ES,2023/2024,ILIconsultationrate,ILI consultation rate,ERVISS,ili_ari,NA,all_agegroups,all_agegroups,rate,weekly,265,220,0.8301886792452831,6019.9,27.36318181818182,237.7,2024-01-17,2023-08-02,2024-07-31,ILI consultation rate,6019.9,0.3548387096774194,25
ES,2023/2024,positivity,Influenza positivity,ERVISS,sentinel_plus_nonsentinel_typing,NA,all_agegroups,all_agegroups,proportion,weekly,53,53,1,2.4589888433468348,0.04639601591220443,0.3397441796263918,2023-12-27,2023-08-02,2024-07-31,Influenza positivity (combined),0.04639601591220443,0.17204301075268819,22
ES,2023/2024,ili_plus,ILI+,RespiCompass,ili_plus,NA,all_agegroups,all_agegroups,rate,weekly,265,0,0,0,NA,NA,NA,2023-08-02,2024-07-31,ILI+ (RespiCompass),0,0,NA
ES,2024/2025,ILIconsultationrate,ILI consultation rate,ERVISS,ili_ari,NA,all_agegroups,all_agegroups,rate,weekly,260,260,1,7674.8,29.518461538461537,336.1,2025-01-22,2024-08-07,2025-07-30,ILI consultation rate,7674.8,0.3978494623655914,25
ES,2024/2025,positivity,Influenza positivity,ERVISS,sentinel_plus_nonsentinel_typing,NA,all_agegroups,all_agegroups,proportion,weekly,52,52,1,3.1839001191953864,0.061228848446065125,0.24830410853705362,2025-01-22,2024-08-07,2025-07-30,Influenza positivity (combined),0.061228848446065125,0.3225806451612903,25
ES,2024/2025,ili_plus,ILI+,RespiCompass,ili_plus,NA,all_agegroups,all_agegroups,rate,weekly,260,0,0,0,NA,NA,NA,2024-08-07,2025-07-30,ILI+ (RespiCompass),0,0,NA
FI,2021/2022,ILIconsultationrate,ILI consultation rate,ERVISS,ili_ari,NA,all_agegroups,all_agegroups,rate,weekly,260,215,0.8269230769230769,1625.7,7.561395348837209,118.4,2022-05-04,2021-08-04,2022-07-27,ILI consultation rate,1625.7,0.1827956989247312,40
FI,2021/2022,positivity,Influenza positivity,ERVISS,sentinel_plus_nonsentinel_typing,NA,all_agegroups,all_agegroups,proportion,weekly,52,37,0.7115384615384616,10.379248120300751,0.2805202194675879,1,2021-12-01,2021-08-04,2022-07-27,Influenza positivity (combined),0.2805202194675879,0.8172043010752689,18
FI,2021/2022,ili_plus,ILI+,RespiCompass,ili_plus,NA,all_agegroups,all_agegroups,rate,weekly,260,65,0.25,261.46285714285716,4.022505494505495,35.7,2022-06-01,2021-08-04,2022-07-27,ILI+ (RespiCompass),261.46285714285716,0.3655913978494624,44
FI,2022/2023,ILIconsultationrate,ILI consultation rate,ERVISS,ili_ari,NA,all_agegroups,all_agegroups,rate,weekly,260,260,1,6186,23.79230769230769,637.5,2022-12-28,2022-08-03,2023-07-26,ILI consultation rate,6186,0.3655913978494624,22
FI,2022/2023,positivity,Influenza positivity,ERVISS,sentinel_plus_nonsentinel_typing,NA,all_agegroups,all_agegroups,proportion,weekly,52,42,0.8076923076923077,16.14186369186369,0.38433008790151646,1,2023-05-10,2022-08-03,2023-07-26,Influenza positivity (combined),0.38433008790151646,0.8279569892473119,41
FI,2022/2023,ili_plus,ILI+,RespiCompass,ili_plus,NA,all_agegroups,all_agegroups,rate,weekly,260,175,0.6730769230769231,4539.785773809524,25.941632993197278,637.5,2022-12-28,2022-08-03,2023-07-26,ILI+ (RespiCompass),4539.785773809524,0.6881720430107527,22
FI,2023/2024,ILIconsultationrate,ILI consultation rate,ERVISS,ili_ari,NA,all_agegroups,all_agegroups,rate,weekly,265,245,0.9245283018867925,7023.8,28.66857142857143,671.5,2023-12-27,2023-08-02,2024-07-31,ILI consultation rate,7023.8,0.3870967741935484,22
FI,2023/2024,positivity,Influenza positivity,ERVISS,sentinel_plus_nonsentinel_typing,NA,all_agegroups,all_agegroups,proportion,weekly,53,11,0.20754716981132076,0.5555555555555556,0.050505050505050504,0.5555555555555556,2023-12-13,2023-08-02,2024-07-31,Influenza positivity (combined),0.050505050505050504,0.21505376344086022,20
FI,2023/2024,ili_plus,ILI+,RespiCompass,ili_plus,NA,all_agegroups,all_agegroups,rate,weekly,265,35,0.1320754716981132,247.02857142857138,7.057959183673469,92.57142857142856,2023-12-13,2023-08-02,2024-07-31,ILI+ (RespiCompass),247.02857142857138,0.34408602150537637,20
FR,2021/2022,ILIconsultationrate,ILI consultation rate,ERVISS,ili_ari,NA,all_agegroups,all_agegroups,rate,weekly,260,205,0.7884615384615384,19620.4,95.70926829268292,747.6,2022-03-30,2021-08-04,2022-07-27,ILI consultation rate,19620.4,0.6021505376344086,35
FR,2021/2022,positivity,Influenza positivity,ERVISS,sentinel_plus_nonsentinel_typing,NA,all_agegroups,all_agegroups,proportion,weekly,52,52,1,1.5062282429936835,0.02896592774987853,0.11718985056664327,2022-03-30,2021-08-04,2022-07-27,Influenza positivity (combined),0.02896592774987853,0.043010752688172046,35
FR,2021/2022,ili_plus,ILI+,RespiCompass,ili_plus,NA,all_agegroups,all_agegroups,rate,weekly,260,180,0.6923076923076923,7046.971844869612,39.14984358260895,414.1381294964029,2022-03-30,2021-08-04,2022-07-27,ILI+ (RespiCompass),7046.971844869612,0.7741935483870968,35
FR,2022/2023,ILIconsultationrate,ILI consultation rate,ERVISS,ili_ari,NA,all_agegroups,all_agegroups,rate,weekly,260,195,0.75,25704.6,131.81846153846155,783.9,2022-12-14,2022-08-03,2023-07-26,ILI consultation rate,25704.6,0.6129032258064516,20
FR,2022/2023,positivity,Influenza positivity,ERVISS,sentinel_plus_nonsentinel_typing,NA,all_agegroups,all_agegroups,proportion,weekly,52,52,1,1.964313862298133,0.037775266582656404,0.22670614971420702,2022-12-21,2022-08-03,2023-07-26,Influenza positivity (combined),0.037775266582656404,0.11827956989247312,21
FR,2022/2023,ili_plus,ILI+,RespiCompass,ili_plus,NA,all_agegroups,all_agegroups,rate,weekly,260,180,0.6923076923076923,8738.358959733165,48.54643866518425,427.58181818181816,2022-12-14,2022-08-03,2023-07-26,ILI+ (RespiCompass),8738.358959733165,0.7849462365591398,20
FR,2023/2024,ILIconsultationrate,ILI consultation rate,ERVISS,ili_ari,NA,all_agegroups,all_agegroups,rate,weekly,265,195,0.7358490566037735,29303.1,150.2723076923077,903.7,2024-01-31,2023-08-02,2024-07-31,ILI consultation rate,29303.1,0.6344086021505376,27
FR,2023/2024,positivity,Influenza positivity,ERVISS,sentinel_plus_nonsentinel_typing,NA,all_agegroups,all_agegroups,proportion,weekly,53,53,1,1.8387651894268995,0.03469368281937546,0.21880262470239822,2024-01-31,2023-08-02,2024-07-31,Influenza positivity (combined),0.03469368281937546,0.08602150537634409,27
FR,2023/2024,ili_plus,ILI+,RespiCompass,ili_plus,NA,all_agegroups,all_agegroups,rate,weekly,265,175,0.660377358490566,6818.353021202867,38.96201726401638,472.30411522633744,2024-01-31,2023-08-02,2024-07-31,ILI+ (RespiCompass),6818.353021202867,0.7634408602150538,27
FR,2024/2025,ILIconsultationrate,ILI consultation rate,ERVISS,ili_ari,NA,all_agegroups,all_agegroups,rate,weekly,260,185,0.7115384615384616,39460.1,213.29783783783785,1508,2025-01-22,2024-08-07,2025-07-30,ILI consultation rate,39460.1,0.7204301075268817,25
FR,2024/2025,positivity,Influenza positivity,ERVISS,sentinel_plus_nonsentinel_typing,NA,all_agegroups,all_agegroups,proportion,weekly,52,51,0.9807692307692307,2.5126864668464277,0.04926836209502799,0.23786617662955356,2025-01-29,2024-08-07,2025-07-30,Influenza positivity (combined),0.04926836209502799,0.20430107526881722,26
FR,2024/2025,ili_plus,ILI+,RespiCompass,ili_plus,NA,all_agegroups,all_agegroups,rate,weekly,260,0,0,0,NA,NA,NA,2024-08-07,2025-07-30,ILI+ (RespiCompass),0,0,NA
GR,2021/2022,ILIconsultationrate,ILI consultation rate,ERVISS,ili_ari,NA,all_agegroups,all_agegroups,rate,weekly,260,50,0.19230769230769232,13690.5,273.81,555.4,2022-03-16,2021-08-04,2022-07-27,ILI consultation rate,13690.5,0.5806451612903226,33
GR,2021/2022,positivity,Influenza positivity,ERVISS,sentinel_plus_nonsentinel_typing,NA,all_agegroups,all_agegroups,proportion,weekly,52,33,0.6346153846153846,2.4786923860453274,0.07511189048622204,0.4,2022-05-11,2021-08-04,2022-07-27,Influenza positivity (combined),0.07511189048622204,0.45161290322580644,41
GR,2021/2022,ili_plus,ILI+,RespiCompass,ili_plus,NA,all_agegroups,all_agegroups,rate,weekly,260,30,0.11538461538461539,942.4070739348371,31.413569131161236,187.2,2022-03-30,2021-08-04,2022-07-27,ILI+ (RespiCompass),942.4070739348371,0.43010752688172044,35
GR,2022/2023,ILIconsultationrate,ILI consultation rate,ERVISS,ili_ari,NA,all_agegroups,all_agegroups,rate,weekly,260,52,0.2,39175.2,753.3692307692307,2302.5,2022-12-28,2022-08-03,2023-07-26,ILI consultation rate,39175.2,0.7096774193548387,22
GR,2022/2023,positivity,Influenza positivity,ERVISS,sentinel_plus_nonsentinel_typing,NA,all_agegroups,all_agegroups,proportion,weekly,52,43,0.8269230769230769,5.290800968471585,0.12304188298771127,0.5,2022-11-30,2022-08-03,2023-07-26,Influenza positivity (combined),0.12304188298771127,0.6344086021505376,18
GR,2022/2023,ili_plus,ILI+,RespiCompass,ili_plus,NA,all_agegroups,all_agegroups,rate,weekly,260,43,0.16538461538461538,6735.728003721112,156.64483729583984,1033.7755102040817,2022-12-28,2022-08-03,2023-07-26,ILI+ (RespiCompass),6735.728003721112,0.7526881720430108,22
GR,2023/2024,ILIconsultationrate,ILI consultation rate,ERVISS,ili_ari,NA,all_agegroups,all_agegroups,rate,weekly,265,53,0.2,38033.2,717.6075471698114,2272.2,2023-12-27,2023-08-02,2024-07-31,ILI consultation rate,38033.2,0.6989247311827957,22
GR,2023/2024,positivity,Influenza positivity,ERVISS,sentinel_plus_nonsentinel_typing,NA,all_agegroups,all_agegroups,proportion,weekly,53,53,1,6.140245952069247,0.1158536972088537,0.373134328358209,2024-01-10,2023-08-02,2024-07-31,Influenza positivity (combined),0.1158536972088537,0.6129032258064516,24
GR,2023/2024,ili_plus,ILI+,RespiCompass,ili_plus,NA,all_agegroups,all_agegroups,rate,weekly,265,44,0.1660377358490566,6075.793359114047,138.08621270713743,789.2311926605506,2024-01-03,2023-08-02,2024-07-31,ILI+ (RespiCompass),6075.793359114047,0.7419354838709677,23
GR,2024/2025,ILIconsultationrate,ILI consultation rate,ERVISS,ili_ari,NA,all_agegroups,all_agegroups,rate,weekly,260,52,0.2,36983.8,711.2269230769231,1618.2,2025-01-08,2024-08-07,2025-07-30,ILI consultation rate,36983.8,0.6666666666666666,23
GR,2024/2025,positivity,Influenza positivity,ERVISS,sentinel_plus_nonsentinel_typing,NA,all_agegroups,all_agegroups,proportion,weekly,52,52,1,6.995101201306411,0.1345211769482002,0.525,2025-02-19,2024-08-07,2025-07-30,Influenza positivity (combined),0.1345211769482002,0.6774193548387096,29
GR,2024/2025,ili_plus,ILI+,RespiCompass,ili_plus,NA,all_agegroups,all_agegroups,rate,weekly,260,0,0,0,NA,NA,NA,2024-08-07,2025-07-30,ILI+ (RespiCompass),0,0,NA
HR,2021/2022,ILIconsultationrate,ILI consultation rate,ERVISS,ili_ari,NA,all_agegroups,all_agegroups,rate,weekly,260,175,0.6730769230769231,1334.3,7.6245714285714286,200.4,2022-03-30,2021-08-04,2022-07-27,ILI consultation rate,1334.3,0.15053763440860216,35
HR,2021/2022,positivity,Influenza positivity,ERVISS,sentinel_plus_nonsentinel_typing,NA,all_agegroups,all_agegroups,proportion,weekly,52,48,0.9230769230769231,6.0099353776261175,0.12520698703387745,0.4266666666666667,2022-02-16,2021-08-04,2022-07-27,Influenza positivity (combined),0.12520698703387745,0.6451612903225806,29
HR,2021/2022,ili_plus,ILI+,RespiCompass,ili_plus,NA,all_agegroups,all_agegroups,rate,weekly,260,160,0.6153846153846154,271.983372250531,1.6998960765658184,38.20508982035928,2022-04-06,2021-08-04,2022-07-27,ILI+ (RespiCompass),271.983372250531,0.3763440860215054,36
HR,2022/2023,ILIconsultationrate,ILI consultation rate,ERVISS,ili_ari,NA,all_agegroups,all_agegroups,rate,weekly,260,185,0.7115384615384616,7870.2,42.54162162162162,361.3,2023-02-01,2022-08-03,2023-07-26,ILI consultation rate,7870.2,0.40860215053763443,27
HR,2022/2023,positivity,Influenza positivity,ERVISS,sentinel_plus_nonsentinel_typing,NA,all_agegroups,all_agegroups,proportion,weekly,52,52,1,5.40875467059552,0.10401451289606768,0.3696911196911197,2022-12-28,2022-08-03,2023-07-26,Influenza positivity (combined),0.10401451289606768,0.5698924731182796,22
HR,2022/2023,ili_plus,ILI+,RespiCompass,ili_plus,NA,all_agegroups,all_agegroups,rate,weekly,260,185,0.7115384615384616,2154.085503977294,11.643705426904292,94.96057692307691,2023-01-25,2022-08-03,2023-07-26,ILI+ (RespiCompass),2154.085503977294,0.5698924731182796,26
HR,2023/2024,ILIconsultationrate,ILI consultation rate,ERVISS,ili_ari,NA,all_agegroups,all_agegroups,rate,weekly,265,225,0.8490566037735849,3978.1,17.680444444444444,314.1,2024-02-07,2023-08-02,2024-07-31,ILI consultation rate,3978.1,0.27956989247311825,28
HR,2023/2024,positivity,Influenza positivity,ERVISS,sentinel_plus_nonsentinel_typing,NA,all_agegroups,all_agegroups,proportion,weekly,53,53,1,4.217142264413346,0.07956872197006314,0.378,2024-01-31,2023-08-02,2024-07-31,Influenza positivity (combined),0.07956872197006314,0.4946236559139785,27
HR,2023/2024,ili_plus,ILI+,RespiCompass,ili_plus,NA,all_agegroups,all_agegroups,rate,weekly,265,165,0.6226415094339622,1184.0239699999747,7.175902848484695,117.0288,2024-01-31,2023-08-02,2024-07-31,ILI+ (RespiCompass),1184.0239699999747,0.46236559139784944,27
HR,2024/2025,ILIconsultationrate,ILI consultation rate,ERVISS,ili_ari,NA,all_agegroups,all_agegroups,rate,weekly,260,250,0.9615384615384616,10522.8,42.0912,732.8,2025-01-29,2024-08-07,2025-07-30,ILI consultation rate,10522.8,0.5161290322580645,26
HR,2024/2025,positivity,Influenza positivity,ERVISS,sentinel_plus_nonsentinel_typing,NA,all_agegroups,all_agegroups,proportion,weekly,52,52,1,4.606065325860392,0.08857817934346908,0.47653429602888087,2025-01-29,2024-08-07,2025-07-30,Influenza positivity (combined),0.08857817934346908,0.5483870967741935,26
HR,2024/2025,ili_plus,ILI+,RespiCompass,ili_plus,NA,all_agegroups,all_agegroups,rate,weekly,260,0,0,0,NA,NA,NA,2024-08-07,2025-07-30,ILI+ (RespiCompass),0,0,NA
HU,2021/2022,ILIconsultationrate,ILI consultation rate,ERVISS,ili_ari,NA,all_agegroups,all_agegroups,rate,weekly,260,33,0.12692307692307692,4380.8,132.75151515151515,278.7,2022-03-23,2021-08-04,2022-07-27,ILI consultation rate,4380.8,0.3118279569892473,34
HU,2021/2022,positivity,Influenza positivity,ERVISS,sentinel_plus_nonsentinel_typing,NA,all_agegroups,all_agegroups,proportion,weekly,52,29,0.5576923076923077,26.994644648670217,0.9308498154713868,7.857142857142857,2022-03-16,2021-08-04,2022-07-27,Influenza positivity (combined),0.9308498154713868,0.8602150537634409,33
HU,2021/2022,ili_plus,ILI+,RespiCompass,ili_plus,NA,all_agegroups,all_agegroups,rate,weekly,260,18,0.06923076923076923,1131.160262539214,62.84223680773412,201.69285714285712,2022-03-16,2021-08-04,2022-07-27,ILI+ (RespiCompass),1131.160262539214,0.45161290322580644,33
HU,2022/2023,ILIconsultationrate,ILI consultation rate,ERVISS,ili_ari,NA,all_agegroups,all_agegroups,rate,weekly,260,33,0.12692307692307692,8442.3,255.8272727272727,675,2023-03-01,2022-08-03,2023-07-26,ILI consultation rate,8442.3,0.45161290322580644,31
HU,2022/2023,positivity,Influenza positivity,ERVISS,sentinel_plus_nonsentinel_typing,NA,all_agegroups,all_agegroups,proportion,weekly,52,33,0.6346153846153846,15.07021957615412,0.4566733204895188,2.2222222222222223,2022-12-28,2022-08-03,2023-07-26,Influenza positivity (combined),0.4566733204895188,0.8494623655913979,22
HU,2022/2023,ili_plus,ILI+,RespiCompass,ili_plus,NA,all_agegroups,all_agegroups,rate,weekly,260,27,0.10384615384615385,2622.8710672410357,97.14337286077911,403.7176470588235,2023-02-22,2022-08-03,2023-07-26,ILI+ (RespiCompass),2622.8710672410357,0.5913978494623656,30
HU,2023/2024,ILIconsultationrate,ILI consultation rate,ERVISS,ili_ari,NA,all_agegroups,all_agegroups,rate,weekly,265,32,0.12075471698113208,8198.3,256.196875,620.2,2024-02-14,2023-08-02,2024-07-31,ILI consultation rate,8198.3,0.41935483870967744,29
HU,2023/2024,positivity,Influenza positivity,ERVISS,sentinel_plus_nonsentinel_typing,NA,all_agegroups,all_agegroups,proportion,weekly,53,31,0.5849056603773585,3.34089763259611,0.10777089137406806,0.4256926952141058,2024-02-07,2023-08-02,2024-07-31,Influenza positivity (combined),0.10777089137406806,0.5806451612903226,28
HU,2023/2024,ili_plus,ILI+,RespiCompass,ili_plus,NA,all_agegroups,all_agegroups,rate,weekly,265,24,0.09056603773584905,1457.7328490633834,60.73886871097431,267.00813559322035,2024-02-07,2023-08-02,2024-07-31,ILI+ (RespiCompass),1457.7328490633834,0.5161290322580645,28
HU,2024/2025,ILIconsultationrate,ILI consultation rate,ERVISS,ili_ari,NA,all_agegroups,all_agegroups,rate,weekly,260,32,0.12307692307692308,11767,367.71875,931.7,2025-02-19,2024-08-07,2025-07-30,ILI consultation rate,11767,0.5483870967741935,29
HU,2024/2025,positivity,Influenza positivity,ERVISS,sentinel_plus_nonsentinel_typing,NA,all_agegroups,all_agegroups,proportion,weekly,52,43,0.8269230769230769,6.234282142154884,0.14498330563150894,0.5241935483870968,2025-02-12,2024-08-07,2025-07-30,Influenza positivity (combined),0.14498330563150894,0.6989247311827957,28
HU,2024/2025,ili_plus,ILI+,RespiCompass,ili_plus,NA,all_agegroups,all_agegroups,rate,weekly,260,0,0,0,NA,NA,NA,2024-08-07,2025-07-30,ILI+ (RespiCompass),0,0,NA
IE,2021/2022,ILIconsultationrate,ILI consultation rate,ERVISS,ili_ari,NA,all_agegroups,all_agegroups,rate,weekly,260,260,1,4148.8,15.956923076923077,104.3,2022-01-05,2021-08-04,2022-07-27,ILI consultation rate,4148.8,0.2903225806451613,23
IE,2021/2022,positivity,Influenza positivity,ERVISS,sentinel_plus_nonsentinel_typing,NA,all_agegroups,all_agegroups,proportion,weekly,52,52,1,1.7551764702616541,0.033753393658877966,0.2177121771217712,2022-03-09,2021-08-04,2022-07-27,Influenza positivity (combined),0.033753393658877966,0.07526881720430108,32
IE,2021/2022,ili_plus,ILI+,RespiCompass,ili_plus,NA,all_agegroups,all_agegroups,rate,weekly,260,260,1,112.54413720513081,0.4328620661735801,6.8809523809523805,2022-02-23,2021-08-04,2022-07-27,ILI+ (RespiCompass),112.54413720513081,0.3010752688172043,30
IE,2022/2023,ILIconsultationrate,ILI consultation rate,ERVISS,ili_ari,NA,all_agegroups,all_agegroups,rate,weekly,260,260,1,4657.3,17.912692307692307,156.3,2022-12-21,2022-08-03,2023-07-26,ILI consultation rate,4657.3,0.3225806451612903,21
IE,2022/2023,positivity,Influenza positivity,ERVISS,sentinel_plus_nonsentinel_typing,NA,all_agegroups,all_agegroups,proportion,weekly,52,52,1,4.578404663177864,0.08804624352265122,0.5028490028490028,2022-12-28,2022-08-03,2023-07-26,Influenza positivity (combined),0.08804624352265122,0.5268817204301075,22
IE,2022/2023,ili_plus,ILI+,RespiCompass,ili_plus,NA,all_agegroups,all_agegroups,rate,weekly,260,260,1,1214.5988982631861,4.671534224089177,86.03669724770643,2022-12-21,2022-08-03,2023-07-26,ILI+ (RespiCompass),1214.5988982631861,0.4731182795698925,21
IE,2023/2024,ILIconsultationrate,ILI consultation rate,ERVISS,ili_ari,NA,all_agegroups,all_agegroups,rate,weekly,265,256,0.9660377358490566,2331.8,9.10859375,51.8,2023-12-06,2023-08-02,2024-07-31,ILI consultation rate,2331.8,0.22580645161290322,19
IE,2023/2024,positivity,Influenza positivity,ERVISS,sentinel_plus_nonsentinel_typing,NA,all_agegroups,all_agegroups,proportion,weekly,53,52,0.9811320754716981,5.789765602153686,0.1113416461952632,0.38922155688622756,2023-12-27,2023-08-02,2024-07-31,Influenza positivity (combined),0.1113416461952632,0.6021505376344086,22
IE,2023/2024,ili_plus,ILI+,RespiCompass,ili_plus,NA,all_agegroups,all_agegroups,rate,weekly,265,211,0.7962264150943397,258.52746623845564,1.2252486551585577,8.959999999999999,2024-01-24,2023-08-02,2024-07-31,ILI+ (RespiCompass),258.52746623845564,0.3548387096774194,26
IE,2024/2025,ILIconsultationrate,ILI consultation rate,ERVISS,ili_ari,NA,all_agegroups,all_agegroups,rate,weekly,260,260,1,3405.1,13.096538461538461,91.3,2025-01-01,2024-08-07,2025-07-30,ILI consultation rate,3405.1,0.26881720430107525,22
IE,2024/2025,positivity,Influenza positivity,ERVISS,sentinel_plus_nonsentinel_typing,NA,all_agegroups,all_agegroups,proportion,weekly,52,52,1,7.361656779443205,0.1415703226816001,0.5053003533568905,2025-01-01,2024-08-07,2025-07-30,Influenza positivity (combined),0.1415703226816001,0.6881720430107527,22
IE,2024/2025,ili_plus,ILI+,RespiCompass,ili_plus,NA,all_agegroups,all_agegroups,rate,weekly,260,0,0,0,NA,NA,NA,2024-08-07,2025-07-30,ILI+ (RespiCompass),0,0,NA
IS,2021/2022,ILIconsultationrate,ILI consultation rate,ERVISS,ili_ari,NA,all_agegroups,all_agegroups,rate,weekly,260,165,0.6346153846153846,2061.9,12.496363636363636,207.8,2022-03-30,2021-08-04,2022-07-27,ILI consultation rate,2061.9,0.21505376344086022,35
IS,2021/2022,positivity,Influenza positivity,ERVISS,sentinel_plus_nonsentinel_typing,NA,all_agegroups,all_agegroups,proportion,weekly,52,52,1,2.6798346478235744,0.05153528168891489,0.38405797101449274,2022-04-13,2021-08-04,2022-07-27,Influenza positivity (combined),0.05153528168891489,0.24731182795698925,37
IS,2021/2022,ili_plus,ILI+,RespiCompass,ili_plus,NA,all_agegroups,all_agegroups,rate,weekly,260,105,0.40384615384615385,609.849857153663,5.808093877653934,72.69783281733746,2022-03-30,2021-08-04,2022-07-27,ILI+ (RespiCompass),609.849857153663,0.40860215053763443,35
IS,2022/2023,ILIconsultationrate,ILI consultation rate,ERVISS,ili_ari,NA,all_agegroups,all_agegroups,rate,weekly,260,210,0.8076923076923077,1507.8,7.18,44.2,2022-12-14,2022-08-03,2023-07-26,ILI consultation rate,1507.8,0.17204301075268819,20
IS,2022/2023,positivity,Influenza positivity,ERVISS,sentinel_plus_nonsentinel_typing,NA,all_agegroups,all_agegroups,proportion,weekly,52,52,1,3.8282110930523596,0.07361944409716076,0.23414634146341465,2022-12-21,2022-08-03,2023-07-26,Influenza positivity (combined),0.07361944409716076,0.43010752688172044,21
IS,2022/2023,ili_plus,ILI+,RespiCompass,ili_plus,NA,all_agegroups,all_agegroups,rate,weekly,260,185,0.7115384615384616,226.39247361663163,1.2237431006304413,10.349268292682927,2022-12-21,2022-08-03,2023-07-26,ILI+ (RespiCompass),226.39247361663163,0.3333333333333333,21
IS,2023/2024,ILIconsultationrate,ILI consultation rate,ERVISS,ili_ari,NA,all_agegroups,all_agegroups,rate,weekly,265,240,0.9056603773584906,852.5,3.5520833333333335,34.7,2024-02-21,2023-08-02,2024-07-31,ILI consultation rate,852.5,0.08602150537634409,30
IS,2023/2024,positivity,Influenza positivity,ERVISS,sentinel_plus_nonsentinel_typing,NA,all_agegroups,all_agegroups,proportion,weekly,53,53,1,3.722431004691159,0.07023454725832375,0.21100917431192662,2024-02-07,2023-08-02,2024-07-31,Influenza positivity (combined),0.07023454725832375,0.3870967741935484,28
IS,2023/2024,ili_plus,ILI+,RespiCompass,ili_plus,NA,all_agegroups,all_agegroups,rate,weekly,265,180,0.6792452830188679,110.61932193957159,0.6145517885531755,6.283127572016462,2024-02-21,2023-08-02,2024-07-31,ILI+ (RespiCompass),110.61932193957159,0.2903225806451613,30
IS,2024/2025,ILIconsultationrate,ILI consultation rate,ERVISS,ili_ari,NA,all_agegroups,all_agegroups,rate,weekly,260,254,0.9769230769230769,934.4,3.678740157480315,26.1,2025-02-05,2024-08-07,2025-07-30,ILI consultation rate,934.4,0.0967741935483871,27
IS,2024/2025,positivity,Influenza positivity,ERVISS,sentinel_plus_nonsentinel_typing,NA,all_agegroups,all_agegroups,proportion,weekly,52,51,0.9807692307692307,3.359985104730991,0.06588206087707825,0.20569620253164558,2024-12-25,2024-08-07,2025-07-30,Influenza positivity (combined),0.06588206087707825,0.34408602150537637,21
IS,2024/2025,ili_plus,ILI+,RespiCompass,ili_plus,NA,all_agegroups,all_agegroups,rate,weekly,260,0,0,0,NA,NA,NA,2024-08-07,2025-07-30,ILI+ (RespiCompass),0,0,NA
IT,2021/2022,ILIconsultationrate,ILI consultation rate,ERVISS,ili_ari,NA,all_agegroups,all_agegroups,rate,weekly,260,140,0.5384615384615384,72954.3,521.1021428571429,1825.1,2021-11-17,2021-08-04,2022-07-27,ILI consultation rate,72954.3,0.8279569892473119,16
IT,2021/2022,positivity,Influenza positivity,ERVISS,sentinel_plus_nonsentinel_typing,NA,all_agegroups,all_agegroups,proportion,weekly,52,46,0.8846153846153846,3.6393085998005406,0.07911540434349001,0.37444444444444447,2022-03-23,2021-08-04,2022-07-27,Influenza positivity (combined),0.07911540434349001,0.4731182795698925,34
IT,2021/2022,ili_plus,ILI+,RespiCompass,ili_plus,NA,all_agegroups,all_agegroups,rate,weekly,260,80,0.3076923076923077,8789.40539127136,109.86756739089199,792.0015625,2022-03-30,2021-08-04,2022-07-27,ILI+ (RespiCompass),8789.40539127136,0.7956989247311828,35
IT,2022/2023,ILIconsultationrate,ILI consultation rate,ERVISS,ili_ari,NA,all_agegroups,all_agegroups,rate,weekly,260,140,0.5384615384615384,161478.6,1153.4185714285713,5035.2,2022-12-07,2022-08-03,2023-07-26,ILI consultation rate,161478.6,0.956989247311828,19
IT,2022/2023,positivity,Influenza positivity,ERVISS,sentinel_plus_nonsentinel_typing,NA,all_agegroups,all_agegroups,proportion,weekly,52,29,0.5576923076923077,5.982544343780541,0.2062946325441566,0.6153846153846154,2022-08-17,2022-08-03,2023-07-26,Influenza positivity (combined),0.2062946325441566,0.7741935483870968,3
IT,2022/2023,ili_plus,ILI+,RespiCompass,ili_plus,NA,all_agegroups,all_agegroups,rate,weekly,260,120,0.46153846153846156,39696.521849752,330.8043487479334,2275.164444444444,2022-12-07,2022-08-03,2023-07-26,ILI+ (RespiCompass),39696.521849752,0.956989247311828,19
IT,2023/2024,ILIconsultationrate,ILI consultation rate,ERVISS,ili_ari,NA,all_agegroups,all_agegroups,rate,weekly,265,135,0.5094339622641509,150939.2,1118.068148148148,4688.4,2023-12-20,2023-08-02,2024-07-31,ILI consultation rate,150939.2,0.946236559139785,21
IT,2023/2024,positivity,Influenza positivity,ERVISS,sentinel_plus_nonsentinel_typing,NA,all_agegroups,all_agegroups,proportion,weekly,53,24,0.4528301886792453,2.6093641102616796,0.10872350459423666,0.36391720729070126,2023-12-27,2023-08-02,2024-07-31,Influenza positivity (combined),0.10872350459423666,0.5913978494623656,22
IT,2023/2024,ili_plus,ILI+,RespiCompass,ili_plus,NA,all_agegroups,all_agegroups,rate,weekly,265,120,0.4528301886792453,32233.602659095483,268.61335549246235,2420.94512195122,2023-12-27,2023-08-02,2024-07-31,ILI+ (RespiCompass),32233.602659095483,0.9139784946236559,22
IT,2024/2025,ILIconsultationrate,ILI consultation rate,ERVISS,ili_ari,NA,all_agegroups,all_agegroups,rate,weekly,260,140,0.5384615384615384,166086.6,1186.3328571428572,4389,2025-01-29,2024-08-07,2025-07-30,ILI consultation rate,166086.6,0.967741935483871,26
IT,2024/2025,positivity,Influenza positivity,ERVISS,sentinel_plus_nonsentinel_typing,NA,all_agegroups,all_agegroups,proportion,weekly,52,24,0.46153846153846156,4.471837089234859,0.1863265453847858,0.39970245474832633,2025-01-22,2024-08-07,2025-07-30,Influenza positivity (combined),0.1863265453847858,0.7526881720430108,25
IT,2024/2025,ili_plus,ILI+,RespiCompass,ili_plus,NA,all_agegroups,all_agegroups,rate,weekly,260,0,0,0,NA,NA,NA,2024-08-07,2025-07-30,ILI+ (RespiCompass),0,0,NA
LT,2021/2022,ILIconsultationrate,ILI consultation rate,ERVISS,ili_ari,NA,all_agegroups,all_agegroups,rate,weekly,260,52,0.2,224.29999999999998,4.313461538461539,40.4,2022-04-13,2021-08-04,2022-07-27,ILI consultation rate,224.29999999999998,0.03225806451612903,37
LT,2021/2022,positivity,Influenza positivity,ERVISS,sentinel_plus_nonsentinel_typing,NA,all_agegroups,all_agegroups,proportion,weekly,52,42,0.8076923076923077,5.2792996219400425,0.1256976100461915,1,2021-12-29,2021-08-04,2022-07-27,Influenza positivity (combined),0.1256976100461915,0.6559139784946236,22
LT,2021/2022,ili_plus,ILI+,RespiCompass,ili_plus,NA,all_agegroups,all_agegroups,rate,weekly,260,7,0.026923076923076925,85.20376602564102,12.171966575091574,33.4,2022-04-20,2021-08-04,2022-07-27,ILI+ (RespiCompass),85.20376602564102,0.27956989247311825,38
LT,2022/2023,ILIconsultationrate,ILI consultation rate,ERVISS,ili_ari,NA,all_agegroups,all_agegroups,rate,weekly,260,51,0.19615384615384615,1948.4,38.20392156862745,334.5,2022-12-21,2022-08-03,2023-07-26,ILI consultation rate,1948.4,0.20430107526881722,21
LT,2022/2023,positivity,Influenza positivity,ERVISS,sentinel_plus_nonsentinel_typing,NA,all_agegroups,all_agegroups,proportion,weekly,52,42,0.8076923076923077,11.55853961374999,0.2752033241369045,1,2023-06-07,2022-08-03,2023-07-26,Influenza positivity (combined),0.2752033241369045,0.7956989247311828,45
LT,2022/2023,ili_plus,ILI+,RespiCompass,ili_plus,NA,all_agegroups,all_agegroups,rate,weekly,260,23,0.08846153846153847,979.6501468559206,42.59348464590959,194.52272727272725,2022-12-28,2022-08-03,2023-07-26,ILI+ (RespiCompass),979.6501468559206,0.44086021505376344,22
LT,2023/2024,ILIconsultationrate,ILI consultation rate,ERVISS,ili_ari,NA,all_agegroups,all_agegroups,rate,weekly,265,229,0.8641509433962264,10522.2,45.94847161572052,757.3,2024-01-31,2023-08-02,2024-07-31,ILI consultation rate,10522.2,0.5053763440860215,27
LT,2023/2024,positivity,Influenza positivity,ERVISS,sentinel_plus_nonsentinel_typing,NA,all_agegroups,all_agegroups,proportion,weekly,53,45,0.8490566037735849,8.095489363916048,0.17989976364257884,0.75,2024-01-17,2023-08-02,2024-07-31,Influenza positivity (combined),0.17989976364257884,0.7419354838709677,25
LT,2023/2024,ili_plus,ILI+,RespiCompass,ili_plus,NA,all_agegroups,all_agegroups,rate,weekly,265,115,0.4339622641509434,5564.714579994043,48.388822434730805,554.4,2024-02-07,2023-08-02,2024-07-31,ILI+ (RespiCompass),5564.714579994043,0.7204301075268817,28
LT,2024/2025,ILIconsultationrate,ILI consultation rate,ERVISS,ili_ari,NA,all_agegroups,all_agegroups,rate,weekly,260,260,1,33460,128.69230769230768,1298.1,2025-01-22,2024-08-07,2025-07-30,ILI consultation rate,33460,0.6451612903225806,25
LT,2024/2025,positivity,Influenza positivity,ERVISS,sentinel_plus_nonsentinel_typing,NA,all_agegroups,all_agegroups,proportion,weekly,52,39,0.75,7.010058683336698,0.17974509444453074,1,2024-09-11,2024-08-07,2025-07-30,Influenza positivity (combined),0.17974509444453074,0.7311827956989247,6
LT,2024/2025,ili_plus,ILI+,RespiCompass,ili_plus,NA,all_agegroups,all_agegroups,rate,weekly,260,0,0,0,NA,NA,NA,2024-08-07,2025-07-30,ILI+ (RespiCompass),0,0,NA
LU,2021/2022,ILIconsultationrate,ILI consultation rate,ERVISS,ili_ari,NA,all_agegroups,all_agegroups,rate,weekly,260,50,0.19230769230769232,147.7,2.954,12.5,2022-04-13,2021-08-04,2022-07-27,ILI consultation rate,147.7,0.010752688172043012,37
LU,2021/2022,positivity,Influenza positivity,ERVISS,sentinel_plus_nonsentinel_typing,NA,all_agegroups,all_agegroups,proportion,weekly,52,50,0.9615384615384616,Inf,Inf,Inf,2021-11-24,2021-08-04,2022-07-27,Influenza positivity (combined),Inf,0.956989247311828,17
LU,2021/2022,ili_plus,ILI+,RespiCompass,ili_plus,NA,all_agegroups,all_agegroups,rate,weekly,260,43,0.16538461538461538,25966.0708482287,603.8621127495047,5668.452380952381,2022-03-23,2021-08-04,2022-07-27,ILI+ (RespiCompass),25966.0708482287,0.9032258064516129,34
LU,2022/2023,ILIconsultationrate,ILI consultation rate,ERVISS,ili_ari,NA,all_agegroups,all_agegroups,rate,weekly,260,52,0.2,227.4,4.373076923076923,17.9,2022-12-21,2022-08-03,2023-07-26,ILI consultation rate,227.4,0.043010752688172046,21
LU,2022/2023,positivity,Influenza positivity,ERVISS,sentinel_plus_nonsentinel_typing,NA,all_agegroups,all_agegroups,proportion,weekly,52,52,1,106.59574852738129,2.0499182409111785,9.661921708185053,2022-12-21,2022-08-03,2023-07-26,Influenza positivity (combined),2.0499182409111785,0.8817204301075269,21
LU,2022/2023,ili_plus,ILI+,RespiCompass,ili_plus,NA,all_agegroups,all_agegroups,rate,weekly,260,52,0.2,57638.53253507995,1108.4333179823066,10383.274021352312,2022-12-21,2022-08-03,2023-07-26,ILI+ (RespiCompass),57638.53253507995,0.967741935483871,21
LU,2023/2024,ILIconsultationrate,ILI consultation rate,ERVISS,ili_ari,NA,all_agegroups,all_agegroups,rate,weekly,265,53,0.2,206.2,3.890566037735849,13.4,2023-12-27,2023-08-02,2024-07-31,ILI consultation rate,206.2,0.021505376344086023,22
LU,2023/2024,positivity,Influenza positivity,ERVISS,sentinel_plus_nonsentinel_typing,NA,all_agegroups,all_agegroups,proportion,weekly,53,53,1,98.08669357793534,1.8506923316591573,11.323529411764707,2023-12-27,2023-08-02,2024-07-31,Influenza positivity (combined),1.8506923316591573,0.8709677419354839,22
LU,2023/2024,ili_plus,ILI+,RespiCompass,ili_plus,NA,all_agegroups,all_agegroups,rate,weekly,265,43,0.16226415094339622,37016.208526086506,860.8420587461978,5123.529411764705,2023-12-27,2023-08-02,2024-07-31,ILI+ (RespiCompass),37016.208526086506,0.946236559139785,22
LU,2024/2025,ILIconsultationrate,ILI consultation rate,ERVISS,ili_ari,NA,all_agegroups,all_agegroups,rate,weekly,260,52,0.2,253.5,4.875,21.2,2025-01-29,2024-08-07,2025-07-30,ILI consultation rate,253.5,0.053763440860215055,26
LU,2024/2025,positivity,Influenza positivity,ERVISS,sentinel_plus_nonsentinel_typing,NA,all_agegroups,all_agegroups,proportion,weekly,52,52,1,173.75410058923984,3.3414250113315354,21.641025641025642,2025-01-01,2024-08-07,2025-07-30,Influenza positivity (combined),3.3414250113315354,0.8924731182795699,22
LU,2024/2025,ili_plus,ILI+,RespiCompass,ili_plus,NA,all_agegroups,all_agegroups,rate,weekly,260,0,0,0,NA,NA,NA,2024-08-07,2025-07-30,ILI+ (RespiCompass),0,0,NA
LV,2021/2022,ILIconsultationrate,ILI consultation rate,ERVISS,ili_ari,NA,all_agegroups,all_agegroups,rate,weekly,260,180,0.6923076923076923,14748.3,81.935,1169.1,2022-05-11,2021-08-04,2022-07-27,ILI consultation rate,14748.3,0.5913978494623656,41
LV,2021/2022,positivity,Influenza positivity,ERVISS,sentinel_plus_nonsentinel_typing,NA,all_agegroups,all_agegroups,proportion,weekly,52,52,1,3.143672288357112,0.060455236314559846,0.45454545454545453,2022-05-04,2021-08-04,2022-07-27,Influenza positivity (combined),0.060455236314559846,0.3010752688172043,40
LV,2021/2022,ili_plus,ILI+,RespiCompass,ili_plus,NA,all_agegroups,all_agegroups,rate,weekly,260,180,0.6923076923076923,4053.291442973045,22.518285794294695,516.2272727272727,2022-05-04,2021-08-04,2022-07-27,ILI+ (RespiCompass),4053.291442973045,0.6559139784946236,40
LV,2022/2023,ILIconsultationrate,ILI consultation rate,ERVISS,ili_ari,NA,all_agegroups,all_agegroups,rate,weekly,260,160,0.6153846153846154,34831.7,217.698125,2000.6,2022-12-28,2022-08-03,2023-07-26,ILI consultation rate,34831.7,0.6559139784946236,22
LV,2022/2023,positivity,Influenza positivity,ERVISS,sentinel_plus_nonsentinel_typing,NA,all_agegroups,all_agegroups,proportion,weekly,52,47,0.9038461538461539,2.138603003229811,0.04550219155808108,0.30823529411764705,2022-12-28,2022-08-03,2023-07-26,Influenza positivity (combined),0.04550219155808108,0.15053763440860216,22
LV,2022/2023,ili_plus,ILI+,RespiCompass,ili_plus,NA,all_agegroups,all_agegroups,rate,weekly,260,150,0.5769230769230769,6031.194913082359,40.20796608721572,616.6555294117646,2022-12-28,2022-08-03,2023-07-26,ILI+ (RespiCompass),6031.194913082359,0.7311827956989247,22
LV,2023/2024,ILIconsultationrate,ILI consultation rate,ERVISS,ili_ari,NA,all_agegroups,all_agegroups,rate,weekly,265,160,0.6037735849056604,37983.9,237.399375,2098.1,2024-02-14,2023-08-02,2024-07-31,ILI consultation rate,37983.9,0.6881720430107527,29
LV,2023/2024,positivity,Influenza positivity,ERVISS,sentinel_plus_nonsentinel_typing,NA,all_agegroups,all_agegroups,proportion,weekly,53,31,0.5849056603773585,1.7707160224456087,0.057119871691793826,0.26394052044609667,2024-01-31,2023-08-02,2024-07-31,Influenza positivity (combined),0.057119871691793826,0.27956989247311825,27
LV,2023/2024,ili_plus,ILI+,RespiCompass,ili_plus,NA,all_agegroups,all_agegroups,rate,weekly,265,121,0.45660377358490567,24146.969275160613,199.56172954678192,2272.727272727273,2024-05-08,2023-08-02,2024-07-31,ILI+ (RespiCompass),24146.969275160613,0.8924731182795699,41
MT,2022/2023,ILIconsultationrate,ILI consultation rate,ERVISS,ili_ari,NA,all_agegroups,all_agegroups,rate,weekly,260,255,0.9807692307692307,1297.4,5.087843137254902,22.2,2022-09-14,2022-08-03,2023-07-26,ILI consultation rate,1297.4,0.13978494623655913,7
MT,2022/2023,positivity,Influenza positivity,ERVISS,sentinel_plus_nonsentinel_typing,NA,all_agegroups,all_agegroups,proportion,weekly,52,43,0.8269230769230769,1.5349082399868994,0.03569554046481161,0.12605042016806722,2022-12-28,2022-08-03,2023-07-26,Influenza positivity (combined),0.03569554046481161,0.10752688172043011,22
MT,2022/2023,ili_plus,ILI+,RespiCompass,ili_plus,NA,all_agegroups,all_agegroups,rate,weekly,260,175,0.6730769230769231,97238.5746031746,555.6489977324263,8456.632653061226,2023-01-04,2022-08-03,2023-07-26,ILI+ (RespiCompass),97238.5746031746,0.989247311827957,23
MT,2023/2024,ILIconsultationrate,ILI consultation rate,ERVISS,ili_ari,NA,all_agegroups,all_agegroups,rate,weekly,265,210,0.7924528301886793,1357.8,6.465714285714286,21.1,2023-11-01,2023-08-02,2024-07-31,ILI consultation rate,1357.8,0.16129032258064516,14
MT,2023/2024,positivity,Influenza positivity,ERVISS,sentinel_plus_nonsentinel_typing,NA,all_agegroups,all_agegroups,proportion,weekly,53,53,1,2.6784293590670365,0.050536403001264836,0.1828358208955224,2024-02-14,2023-08-02,2024-07-31,Influenza positivity (combined),0.050536403001264836,0.22580645161290322,29
MT,2023/2024,ili_plus,ILI+,RespiCompass,ili_plus,NA,all_agegroups,all_agegroups,rate,weekly,265,190,0.71698113207547165,79245.48520707563,417.0815010898718,2836.3636363636365,2024-02-14,2023-08-02,2024-07-31,ILI+ (RespiCompass),79245.48520707563,0.978494623655914,29
MT,2024/2025,ILIconsultationrate,ILI consultation rate,ERVISS,ili_ari,NA,all_agegroups,all_agegroups,rate,weekly,260,220,0.8461538461538461,961.7,4.371363636363636,14.2,2025-01-08,2024-08-07,2025-07-30,ILI consultation rate,961.7,0.10752688172043011,23
MT,2024/2025,positivity,Influenza positivity,ERVISS,sentinel_plus_nonsentinel_typing,NA,all_agegroups,all_agegroups,proportion,weekly,52,52,1,3.8394488621164307,0.07383555504070059,0.20372398685651696,2025-01-08,2024-08-07,2025-07-30,Influenza positivity (combined),0.07383555504070059,0.44086021505376344,23
MT,2024/2025,ili_plus,ILI+,RespiCompass,ili_plus,NA,all_agegroups,all_agegroups,rate,weekly,260,0,0,0,NA,NA,NA,2024-08-07,2025-07-30,ILI+ (RespiCompass),0,0,NA
NL,2021/2022,ILIconsultationrate,ILI consultation rate,ERVISS,ili_ari,NA,all_agegroups,all_agegroups,rate,weekly,260,260,1,8271.7,31.814230769230768,326.9,2022-04-13,2021-08-04,2022-07-27,ILI consultation rate,8271.7,0.43010752688172044,37
NL,2021/2022,positivity,Influenza positivity,ERVISS,sentinel_plus_nonsentinel_typing,NA,all_agegroups,all_agegroups,proportion,weekly,52,52,1,Inf,Inf,Inf,2021-08-04,2021-08-04,2022-07-27,Influenza positivity (combined),Inf,0.956989247311828,1
NL,2021/2022,ili_plus,ILI+,RespiCompass,ili_plus,NA,all_agegroups,all_agegroups,rate,weekly,260,245,0.9423076923076923,2104.0938377333473,8.588138113197337,231.80181818181816,2022-04-13,2021-08-04,2022-07-27,ILI+ (RespiCompass),2104.0938377333473,0.5591397849462365,37
NL,2022/2023,ILIconsultationrate,ILI consultation rate,ERVISS,ili_ari,NA,all_agegroups,all_agegroups,rate,weekly,260,260,1,9254.6,35.59461538461539,308.7,2022-12-28,2022-08-03,2023-07-26,ILI consultation rate,9254.6,0.4731182795698925,22
NL,2022/2023,positivity,Influenza positivity,ERVISS,sentinel_plus_nonsentinel_typing,NA,all_agegroups,all_agegroups,proportion,weekly,52,52,1,501.58959368604775,9.645953724731687,39.44444444444444,2023-03-01,2022-08-03,2023-07-26,Influenza positivity (combined),9.645953724731687,0.9247311827956989,31
NL,2022/2023,ili_plus,ILI+,RespiCompass,ili_plus,NA,all_agegroups,all_agegroups,rate,weekly,260,260,1,2891.0542674762733,11.11943949029336,170.09999999999997,2022-12-28,2022-08-03,2023-07-26,ILI+ (RespiCompass),2891.0542674762733,0.6021505376344086,22
NL,2023/2024,ILIconsultationrate,ILI consultation rate,ERVISS,ili_ari,NA,all_agegroups,all_agegroups,rate,weekly,265,265,1,10453.2,39.44603773584905,388,2023-11-15,2023-08-02,2024-07-31,ILI consultation rate,10453.2,0.4946236559139785,16
NL,2023/2024,positivity,Influenza positivity,ERVISS,sentinel_plus_nonsentinel_typing,NA,all_agegroups,all_agegroups,proportion,weekly,53,53,1,274.8686193655263,5.186200365387288,24.011494252873565,2024-01-31,2023-08-02,2024-07-31,Influenza positivity (combined),5.186200365387288,0.9032258064516129,27
NL,2023/2024,ili_plus,ILI+,RespiCompass,ili_plus,NA,all_agegroups,all_agegroups,rate,weekly,265,220,0.8301886792452831,1889.0588078930098,8.586630944968226,116.73009708737862,2024-01-24,2023-08-02,2024-07-31,ILI+ (RespiCompass),1889.0588078930098,0.5268817204301075,26
NL,2024/2025,ILIconsultationrate,ILI consultation rate,ERVISS,ili_ari,NA,all_agegroups,all_agegroups,rate,weekly,260,260,1,9269.7,35.652692307692305,300.4,2025-02-05,2024-08-07,2025-07-30,ILI consultation rate,9269.7,0.4838709677419355,27
NL,2024/2025,positivity,Influenza positivity,ERVISS,sentinel_plus_nonsentinel_typing,NA,all_agegroups,all_agegroups,proportion,weekly,52,52,1,419.86641832411436,8.07435419854066,39.53191489361702,2025-02-19,2024-08-07,2025-07-30,Influenza positivity (combined),8.07435419854066,0.9139784946236559,29
NL,2024/2025,ili_plus,ILI+,RespiCompass,ili_plus,NA,all_agegroups,all_agegroups,rate,weekly,260,0,0,0,NA,NA,NA,2024-08-07,2025-07-30,ILI+ (RespiCompass),0,0,NA
NO,2021/2022,ILIconsultationrate,ILI consultation rate,ERVISS,ili_ari,NA,all_agegroups,all_agegroups,rate,weekly,260,170,0.6538461538461539,3213.9,18.90529411764706,103.9,2022-04-20,2021-08-04,2022-07-27,ILI consultation rate,3213.9,0.25806451612903225,38
NO,2021/2022,positivity,Influenza positivity,ERVISS,sentinel_plus_nonsentinel_typing,NA,all_agegroups,all_agegroups,proportion,weekly,52,52,1,1.7363435240207192,0.03339122161578306,0.21985242090366927,2022-04-06,2021-08-04,2022-07-27,Influenza positivity (combined),0.03339122161578306,0.06451612903225806,36
NO,2021/2022,ili_plus,ILI+,RespiCompass,ili_plus,NA,all_agegroups,all_agegroups,rate,weekly,260,75,0.28846153846153844,1293.7108021074455,17.249477361432607,83.88113207547171,2022-04-06,2021-08-04,2022-07-27,ILI+ (RespiCompass),1293.7108021074455,0.4946236559139785,36
NO,2022/2023,ILIconsultationrate,ILI consultation rate,ERVISS,ili_ari,NA,all_agegroups,all_agegroups,rate,weekly,260,260,1,8331.3,32.043461538461536,253.1,2023-01-04,2022-08-03,2023-07-26,ILI consultation rate,8331.3,0.44086021505376344,23
NO,2022/2023,positivity,Influenza positivity,ERVISS,sentinel_plus_nonsentinel_typing,NA,all_agegroups,all_agegroups,proportion,weekly,52,52,1,3.5826603245033835,0.06889731393275737,0.25094319284251376,2022-12-28,2022-08-03,2023-07-26,Influenza positivity (combined),0.06889731393275737,0.3763440860215054,22
NO,2022/2023,ili_plus,ILI+,RespiCompass,ili_plus,NA,all_agegroups,all_agegroups,rate,weekly,260,260,1,1924.8150057972584,7.403134637681763,64.95257731958763,2022-12-21,2022-08-03,2023-07-26,ILI+ (RespiCompass),1924.8150057972584,0.5376344086021505,21
NO,2023/2024,ILIconsultationrate,ILI consultation rate,ERVISS,ili_ari,NA,all_agegroups,all_agegroups,rate,weekly,265,45,0.16981132075471697,475.3,10.562222222222223,32.6,2023-09-27,2023-08-02,2024-07-31,ILI consultation rate,475.3,0.06451612903225806,9
NO,2023/2024,positivity,Influenza positivity,ERVISS,sentinel_plus_nonsentinel_typing,NA,all_agegroups,all_agegroups,proportion,weekly,53,53,1,2.68224545753823,0.05060840485921189,0.16178635694421725,2023-12-27,2023-08-02,2024-07-31,Influenza positivity (combined),0.05060840485921189,0.23655913978494625,22
NO,2023/2024,ili_plus,ILI+,RespiCompass,ili_plus,NA,all_agegroups,all_agegroups,rate,weekly,265,220,0.8301886792452831,825.3210191761556,3.7514591780734343,29.66333333333333,2024-02-21,2023-08-02,2024-07-31,ILI+ (RespiCompass),825.3210191761556,0.41935483870967744,30
NO,2024/2025,ILIconsultationrate,ILI consultation rate,ERVISS,ili_ari,NA,all_agegroups,all_agegroups,rate,weekly,260,220,0.8461538461538461,8622.5,39.19318181818182,243,2025-02-26,2024-08-07,2025-07-30,ILI consultation rate,8622.5,0.46236559139784944,30
NO,2024/2025,positivity,Influenza positivity,ERVISS,sentinel_plus_nonsentinel_typing,NA,all_agegroups,all_agegroups,proportion,weekly,52,52,1,4.3046109622027124,0.08278098004235986,0.3465607015620718,2025-02-19,2024-08-07,2025-07-30,Influenza positivity (combined),0.08278098004235986,0.5053763440860215,29
NO,2024/2025,ili_plus,ILI+,RespiCompass,ili_plus,NA,all_agegroups,all_agegroups,rate,weekly,260,0,0,0,NA,NA,NA,2024-08-07,2025-07-30,ILI+ (RespiCompass),0,0,NA
PL,2021/2022,ILIconsultationrate,ILI consultation rate,ERVISS,ili_ari,NA,all_agegroups,all_agegroups,rate,weekly,260,250,0.9615384615384616,92954.5,371.818,2020,2021-10-20,2021-08-04,2022-07-27,ILI consultation rate,92954.5,0.8817204301075269,12
PL,2021/2022,positivity,Influenza positivity,ERVISS,sentinel_plus_nonsentinel_typing,NA,all_agegroups,all_agegroups,proportion,weekly,52,50,0.9615384615384616,5.054899731925724,0.10109799463851449,0.6440677966101694,2022-04-13,2021-08-04,2022-07-27,Influenza positivity (combined),0.10109799463851449,0.5591397849462365,37
PL,2021/2022,ili_plus,ILI+,RespiCompass,ili_plus,NA,all_agegroups,all_agegroups,rate,weekly,260,190,0.7307692307692307,9563.41198277929,50.33374727778573,969.15,2022-05-04,2021-08-04,2022-07-27,ILI+ (RespiCompass),9563.41198277929,0.8172043010752689,40
PL,2022/2023,ILIconsultationrate,ILI consultation rate,ERVISS,ili_ari,NA,all_agegroups,all_agegroups,rate,weekly,260,260,1,147911.7,568.8911538461539,3857.4,2022-12-14,2022-08-03,2023-07-26,ILI consultation rate,147911.7,0.9354838709677419,20
PL,2022/2023,positivity,Influenza positivity,ERVISS,sentinel_plus_nonsentinel_typing,NA,all_agegroups,all_agegroups,proportion,weekly,52,48,0.9230769230769231,9.056764808954552,0.18868260018655317,0.7455012853470437,2023-01-04,2022-08-03,2023-07-26,Influenza positivity (combined),0.18868260018655317,0.7634408602150538,23
PL,2022/2023,ili_plus,ILI+,RespiCompass,ili_plus,NA,all_agegroups,all_agegroups,rate,weekly,260,215,0.8269230769230769,33738.53929570265,156.9234385846635,2351.753424657534,2022-12-21,2022-08-03,2023-07-26,ILI+ (RespiCompass),33738.53929570265,0.9247311827956989,21
PL,2023/2024,ILIconsultationrate,ILI consultation rate,ERVISS,ili_ari,NA,all_agegroups,all_agegroups,rate,weekly,265,265,1,123992,467.8943396226415,2539.6,2023-11-29,2023-08-02,2024-07-31,ILI consultation rate,123992,0.9139784946236559,18
PL,2023/2024,positivity,Influenza positivity,ERVISS,sentinel_plus_nonsentinel_typing,NA,all_agegroups,all_agegroups,proportion,weekly,53,52,0.9811320754716981,14.072273940887897,0.2706206527093826,0.8461538461538461,2024-05-29,2023-08-02,2024-07-31,Influenza positivity (combined),0.2706206527093826,0.7849462365591398,44
PL,2023/2024,ili_plus,ILI+,RespiCompass,ili_plus,NA,all_agegroups,all_agegroups,rate,weekly,265,190,0.71698113207547165,21496.570543432324,113.13984496543328,1358.3315789473686,2024-02-07,2023-08-02,2024-07-31,ILI+ (RespiCompass),21496.570543432324,0.8817204301075269,28
PL,2024/2025,ILIconsultationrate,ILI consultation rate,ERVISS,ili_ari,NA,all_agegroups,all_agegroups,rate,weekly,260,260,1,144652.4,556.3553846153847,2716,2024-11-27,2024-08-07,2025-07-30,ILI consultation rate,144652.4,0.9247311827956989,17
PL,2024/2025,positivity,Influenza positivity,ERVISS,sentinel_plus_nonsentinel_typing,NA,all_agegroups,all_agegroups,proportion,weekly,52,49,0.9423076923076923,13.586957323799869,0.27728484334285447,0.9351305812973884,2025-02-05,2024-08-07,2025-07-30,Influenza positivity (combined),0.27728484334285447,0.8064516129032258,27
PL,2024/2025,ili_plus,ILI+,RespiCompass,ili_plus,NA,all_agegroups,all_agegroups,rate,weekly,260,0,0,0,NA,NA,NA,2024-08-07,2025-07-30,ILI+ (RespiCompass),0,0,NA
PT,2021/2022,ILIconsultationrate,ILI consultation rate,ERVISS,ili_ari,NA,all_agegroups,all_agegroups,rate,weekly,260,260,1,2998.1,11.531153846153845,210.5,2021-12-15,2021-08-04,2022-07-27,ILI consultation rate,2998.1,0.23655913978494625,20
PT,2021/2022,positivity,Influenza positivity,ERVISS,sentinel_plus_nonsentinel_typing,NA,all_agegroups,all_agegroups,proportion,weekly,52,43,0.8269230769230769,2.1001126623885793,0.04883982935787394,0.23672922252010725,2022-04-06,2021-08-04,2022-07-27,Influenza positivity (combined),0.04883982935787394,0.1935483870967742,36
PT,2021/2022,ili_plus,ILI+,RespiCompass,ili_plus,NA,all_agegroups,all_agegroups,rate,weekly,260,190,0.7307692307692307,171.27544277360067,0.9014496988084245,43.5,2022-03-09,2021-08-04,2022-07-27,ILI+ (RespiCompass),171.27544277360067,0.3118279569892473,32
PT,2022/2023,ILIconsultationrate,ILI consultation rate,ERVISS,ili_ari,NA,all_agegroups,all_agegroups,rate,weekly,260,150,0.5769230769230769,4720.6,31.470666666666666,433.8,2022-09-28,2022-08-03,2023-07-26,ILI consultation rate,4720.6,0.3333333333333333,9
PT,2022/2023,positivity,Influenza positivity,ERVISS,sentinel_plus_nonsentinel_typing,NA,all_agegroups,all_agegroups,proportion,weekly,52,52,1,3.683175818101921,0.07083030419426772,0.21497919556171982,2022-11-16,2022-08-03,2023-07-26,Influenza positivity (combined),0.07083030419426772,0.40860215053763443,16
PT,2022/2023,ili_plus,ILI+,RespiCompass,ili_plus,NA,all_agegroups,all_agegroups,rate,weekly,260,140,0.5384615384615384,1225.5730411498362,8.75409315107026,87.885,2022-11-23,2022-08-03,2023-07-26,ILI+ (RespiCompass),1225.5730411498362,0.4838709677419355,17
RO,2021/2022,ILIconsultationrate,ILI consultation rate,ERVISS,ili_ari,NA,all_agegroups,all_agegroups,rate,weekly,260,255,0.9807692307692307,704.6,2.763137254901961,70.7,2022-04-13,2021-08-04,2022-07-27,ILI consultation rate,704.6,0.07526881720430108,37
RO,2021/2022,positivity,Influenza positivity,ERVISS,sentinel_plus_nonsentinel_typing,NA,all_agegroups,all_agegroups,proportion,weekly,52,39,0.75,2.785023695056308,0.07141086397580276,0.5804988662131519,2022-03-30,2021-08-04,2022-07-27,Influenza positivity (combined),0.07141086397580276,0.41935483870967744,35
RO,2021/2022,ili_plus,ILI+,RespiCompass,ili_plus,NA,all_agegroups,all_agegroups,rate,weekly,260,130,0.5,179.07276329063143,1.3774827945433186,33.20453514739229,2022-03-30,2021-08-04,2022-07-27,ILI+ (RespiCompass),179.07276329063143,0.3225806451612903,35
RO,2022/2023,ILIconsultationrate,ILI consultation rate,ERVISS,ili_ari,NA,all_agegroups,all_agegroups,rate,weekly,260,250,0.9615384615384616,989.7,3.9588,137.4,2023-01-18,2022-08-03,2023-07-26,ILI consultation rate,989.7,0.11827956989247312,25
RO,2022/2023,positivity,Influenza positivity,ERVISS,sentinel_plus_nonsentinel_typing,NA,all_agegroups,all_agegroups,proportion,weekly,52,9,0.17307692307692307,0.013456113966764681,0.0014951237740849646,0.006711409395973154,2022-09-07,2022-08-03,2023-07-26,Influenza positivity (combined),0.0014951237740849646,0,6
RO,2022/2023,ili_plus,ILI+,RespiCompass,ili_plus,NA,all_agegroups,all_agegroups,rate,weekly,260,15,0.057692307692307696,0,0,0,2022-08-03,2022-08-03,2023-07-26,ILI+ (RespiCompass),0,0,1
RO,2023/2024,ILIconsultationrate,ILI consultation rate,ERVISS,ili_ari,NA,all_agegroups,all_agegroups,rate,weekly,265,250,0.9433962264150944,1783.4,7.1336,127.7,2024-01-24,2023-08-02,2024-07-31,ILI consultation rate,1783.4,0.1935483870967742,26
RO,2023/2024,positivity,Influenza positivity,ERVISS,sentinel_plus_nonsentinel_typing,NA,all_agegroups,all_agegroups,proportion,weekly,53,33,0.6226415094339622,2.7478108257963725,0.0832669947211022,0.30620985010706636,2024-01-24,2023-08-02,2024-07-31,Influenza positivity (combined),0.0832669947211022,0.5161290322580645,26
RO,2023/2024,ili_plus,ILI+,RespiCompass,ili_plus,NA,all_agegroups,all_agegroups,rate,weekly,265,150,0.5660377358490566,316.4245135454844,2.1094967569698957,37.74310747663552,2024-01-24,2023-08-02,2024-07-31,ILI+ (RespiCompass),316.4245135454844,0.3870967741935484,26
RO,2024/2025,ILIconsultationrate,ILI consultation rate,ERVISS,ili_ari,NA,all_agegroups,all_agegroups,rate,weekly,260,250,0.9615384615384616,3036.4,12.1456,180.1,2025-01-29,2024-08-07,2025-07-30,ILI consultation rate,3036.4,0.24731182795698925,26
RO,2024/2025,positivity,Influenza positivity,ERVISS,sentinel_plus_nonsentinel_typing,NA,all_agegroups,all_agegroups,proportion,weekly,52,36,0.6923076923076923,Inf,Inf,Inf,2024-11-13,2024-08-07,2025-07-30,Influenza positivity (combined),Inf,0.956989247311828,15
RO,2024/2025,ili_plus,ILI+,RespiCompass,ili_plus,NA,all_agegroups,all_agegroups,rate,weekly,260,0,0,0,NA,NA,NA,2024-08-07,2025-07-30,ILI+ (RespiCompass),0,0,NA
SI,2021/2022,ILIconsultationrate,ILI consultation rate,ERVISS,ili_ari,NA,all_agegroups,all_agegroups,rate,weekly,260,260,1,1138,4.376923076923077,74.1,2022-03-30,2021-08-04,2022-07-27,ILI consultation rate,1138,0.12903225806451613,35
SI,2021/2022,positivity,Influenza positivity,ERVISS,sentinel_plus_nonsentinel_typing,NA,all_agegroups,all_agegroups,proportion,weekly,52,52,1,1.1992773344826269,0.02306302566312744,0.14723467862481315,2022-03-30,2021-08-04,2022-07-27,Influenza positivity (combined),0.02306302566312744,0.021505376344086023,35
SI,2021/2022,ili_plus,ILI+,RespiCompass,ili_plus,NA,all_agegroups,all_agegroups,rate,weekly,260,255,0.9807692307692307,536.5721559613295,2.1042045331816843,43.7,2022-03-30,2021-08-04,2022-07-27,ILI+ (RespiCompass),536.5721559613295,0.3978494623655914,35
SI,2022/2023,ILIconsultationrate,ILI consultation rate,ERVISS,ili_ari,NA,all_agegroups,all_agegroups,rate,weekly,260,260,1,6781.6,26.083076923076923,380.3,2022-12-28,2022-08-03,2023-07-26,ILI consultation rate,6781.6,0.3763440860215054,22
SI,2022/2023,positivity,Influenza positivity,ERVISS,sentinel_plus_nonsentinel_typing,NA,all_agegroups,all_agegroups,proportion,weekly,52,52,1,2.2901538293901083,0.04404141979596362,0.23474848376739207,2022-12-28,2022-08-03,2023-07-26,Influenza positivity (combined),0.04404141979596362,0.13978494623655913,22
SI,2022/2023,ili_plus,ILI+,RespiCompass,ili_plus,NA,all_agegroups,all_agegroups,rate,weekly,260,255,0.9807692307692307,3165.2642221398523,12.412800871136676,245.3548387096774,2022-12-28,2022-08-03,2023-07-26,ILI+ (RespiCompass),3165.2642221398523,0.6129032258064516,22
SI,2023/2024,ILIconsultationrate,ILI consultation rate,ERVISS,ili_ari,NA,all_agegroups,all_agegroups,rate,weekly,265,265,1,5671,21.4,411.5,2024-01-17,2023-08-02,2024-07-31,ILI consultation rate,5671,0.34408602150537637,25
SI,2023/2024,positivity,Influenza positivity,ERVISS,sentinel_plus_nonsentinel_typing,NA,all_agegroups,all_agegroups,proportion,weekly,53,53,1,2.4964423474862087,0.047102685801626576,0.3593366093366093,2024-01-24,2023-08-02,2024-07-31,Influenza positivity (combined),0.047102685801626576,0.1827956989247312,26
SI,2023/2024,ili_plus,ILI+,RespiCompass,ili_plus,NA,all_agegroups,all_agegroups,rate,weekly,265,220,0.8301886792452831,2331.1212262204126,10.596005573729148,190.30243902439025,2024-02-07,2023-08-02,2024-07-31,ILI+ (RespiCompass),2331.1212262204126,0.5806451612903226,28
SI,2024/2025,ILIconsultationrate,ILI consultation rate,ERVISS,ili_ari,NA,all_agegroups,all_agegroups,rate,weekly,260,260,1,12659.6,48.690769230769234,626.6,2025-03-12,2024-08-07,2025-07-30,ILI consultation rate,12659.6,0.5591397849462365,32
SI,2024/2025,positivity,Influenza positivity,ERVISS,sentinel_plus_nonsentinel_typing,NA,all_agegroups,all_agegroups,proportion,weekly,52,52,1,2.95984268161127,0.0569200515694475,0.22652659225213395,2025-01-01,2024-08-07,2025-07-30,Influenza positivity (combined),0.0569200515694475,0.26881720430107525,22
SI,2024/2025,ili_plus,ILI+,RespiCompass,ili_plus,NA,all_agegroups,all_agegroups,rate,weekly,260,0,0,0,NA,NA,NA,2024-08-07,2025-07-30,ILI+ (RespiCompass),0,0,NA
SK,2021/2022,ILIconsultationrate,ILI consultation rate,ERVISS,ili_ari,NA,all_agegroups,all_agegroups,rate,weekly,260,260,1,28374.9,109.13423076923077,396.2,2021-10-13,2021-08-04,2022-07-27,ILI consultation rate,28374.9,0.6236559139784946,11
SK,2021/2022,positivity,Influenza positivity,ERVISS,sentinel_plus_nonsentinel_typing,NA,all_agegroups,all_agegroups,proportion,weekly,52,49,0.9423076923076923,1.3257043751832982,0.027055191330271393,0.2564102564102564,2022-05-11,2021-08-04,2022-07-27,Influenza positivity (combined),0.027055191330271393,0.03225806451612903,41
SK,2021/2022,ili_plus,ILI+,RespiCompass,ili_plus,NA,all_agegroups,all_agegroups,rate,weekly,260,80,0.3076923076923077,2091.0279913711556,26.137849892139446,127.46666666666664,2022-03-30,2021-08-04,2022-07-27,ILI+ (RespiCompass),2091.0279913711556,0.5483870967741935,35
SK,2022/2023,ILIconsultationrate,ILI consultation rate,ERVISS,ili_ari,NA,all_agegroups,all_agegroups,rate,weekly,260,260,1,64286.2,247.2546153846154,2212.3,2022-12-14,2022-08-03,2023-07-26,ILI consultation rate,64286.2,0.8064516129032258,20
SK,2022/2023,positivity,Influenza positivity,ERVISS,sentinel_plus_nonsentinel_typing,NA,all_agegroups,all_agegroups,proportion,weekly,52,51,0.9807692307692307,8.398977291723533,0.16468582924948102,0.7404580152671756,2022-12-28,2022-08-03,2023-07-26,Influenza positivity (combined),0.16468582924948102,0.7204301075268817,22
SK,2022/2023,ili_plus,ILI+,RespiCompass,ili_plus,NA,all_agegroups,all_agegroups,rate,weekly,260,110,0.4230769230769231,21166.366997934772,192.4215181630434,1453.797142857143,2022-12-14,2022-08-03,2023-07-26,ILI+ (RespiCompass),21166.366997934772,0.8709677419354839,20
SK,2023/2024,ILIconsultationrate,ILI consultation rate,ERVISS,ili_ari,NA,all_agegroups,all_agegroups,rate,weekly,265,265,1,62071.9,234.23358490566036,1857.6,2024-01-31,2023-08-02,2024-07-31,ILI consultation rate,62071.9,0.7956989247311828,27
SK,2023/2024,positivity,Influenza positivity,ERVISS,sentinel_plus_nonsentinel_typing,NA,all_agegroups,all_agegroups,proportion,weekly,53,53,1,6.235245235275572,0.11764613651463345,0.6839080459770115,2024-02-07,2023-08-02,2024-07-31,Influenza positivity (combined),0.11764613651463345,0.6236559139784946,28
SK,2023/2024,ili_plus,ILI+,RespiCompass,ili_plus,NA,all_agegroups,all_agegroups,rate,weekly,265,0,0,0,NA,NA,NA,2023-08-02,2024-07-31,ILI+ (RespiCompass),0,0,NA
SK,2024/2025,ILIconsultationrate,ILI consultation rate,ERVISS,ili_ari,NA,all_agegroups,all_agegroups,rate,weekly,260,260,1,73403.4,282.32076923076926,1854.9,2025-01-29,2024-08-07,2025-07-30,ILI consultation rate,73403.4,0.8494623655913979,26
SK,2024/2025,positivity,Influenza positivity,ERVISS,sentinel_plus_nonsentinel_typing,NA,all_agegroups,all_agegroups,proportion,weekly,52,52,1,22.876359307431827,0.4399299866813813,0.9408602150537635,2025-01-01,2024-08-07,2025-07-30,Influenza positivity (combined),0.4399299866813813,0.8387096774193549,22
SK,2024/2025,ili_plus,ILI+,RespiCompass,ili_plus,NA,all_agegroups,all_agegroups,rate,weekly,260,0,0,0,NA,NA,NA,2024-08-07,2025-07-30,ILI+ (RespiCompass),0,0,NA
